<?xml version="1.0" encoding="UTF-8" standalone="yes"?>
<app version="1">
  <name>TCPgecko for use with JGeckoU</name>
  <coder>Chadderz, BullyWiiPlaza</coder>
  <version>1.0</version>
  <release_date>20160503120400</release_date>
  <short_description>WiiU RAM Hacking</short_description>
  <long_description>A memory editor that does magical things to your games. In order to apply Cafe Codes (real-time cheats) use JGecko U. 
Special Thanks to:
wj44 - elf maker 
pwsincd - icon and xml
CosmoCortney - codehandler for cheat codes, xml
</long_description>
</app>
